threshold,micro_precision,micro_recall,micro_f1,macro_precision,macro_recall,macro_f1,predicted_positive_labels
1e-06,0.02055039313795568,0.08333333333333333,0.03297018348623853,0.017728131965859584,0.022863247863247865,0.011466742045510228,5596
5e-06,0.022326350606394707,0.058695652173913045,0.032348242811501594,0.012985105470812029,0.016452991452991454,0.00783302884399642,3628
1e-05,0.02257412398921833,0.04855072463768116,0.030818767249310028,0.009588277208091947,0.013817663817663818,0.006182598415608124,2968
2e-05,0.02217659137577002,0.0391304347826087,0.028309305373525558,0.009377948960953226,0.011039886039886041,0.0057133623615285775,2435
5e-05,0.022577092511013214,0.029710144927536233,0.025657071339173967,0.003959965187119234,0.008689458689458689,0.004334505785798032,1816
0.0001,0.02157788267026298,0.02318840579710145,0.022354173943415996,0.003722279291800109,0.006766381766381766,0.003751640705641478,1483
0.0002,0.017006802721088437,0.014492753623188406,0.01564945226917058,0.003217697335344394,0.004202279202279203,0.0026661396091740143,1176
0.0005,0.011299435028248588,0.007246376811594203,0.008830022075055188,0.0011052166224580018,0.0021367521367521365,0.0014568764568764568,885
0.001,0.005856515373352855,0.002898550724637681,0.003877847794474067,0.0005762028233938346,0.0008547008547008547,0.0006883496816382722,683
0.002,0.001941747572815534,0.0007246376811594203,0.0010554089709762533,0.00021367521367521368,0.00021367521367521368,0.00021367521367521368,515
0.005,0.003048780487804878,0.0007246376811594203,0.00117096018735363,0.00032873109796186715,0.00021367521367521368,0.000259000259000259,328
0.01,0.0,0.0,0.0,0.0,0.0,0.0,229
0.02,0.0,0.0,0.0,0.0,0.0,0.0,164
0.05,0.0,0.0,0.0,0.0,0.0,0.0,109
0.1,0.0,0.0,0.0,0.0,0.0,0.0,81
0.2,0.0,0.0,0.0,0.0,0.0,0.0,71
0.5,0.0,0.0,0.0,0.0,0.0,0.0,42
