attack_code,bin,mean_predicted_probability,observed_fraction_positive,absolute_calibration_gap
AP14,1,2.810243440695548e-23,0.0,2.810243440695548e-23
AP14,2,2.886424339556345e-21,0.0,2.886424339556345e-21
AP14,3,7.235413105195568e-20,0.0,7.235413105195568e-20
AP14,4,1.4777343901564104e-18,0.0,1.4777343901564104e-18
AP14,5,1.5968388071362827e-17,0.0,1.5968388071362827e-17
AP14,6,1.065057777791401e-16,0.0,1.065057777791401e-16
AP14,7,1.2104573023375351e-15,0.0035842293906810036,0.003584229390679793
AP14,8,1.864527710888088e-14,0.016129032258064516,0.01612903225804587
AP14,9,4.92916949795365e-13,0.07526881720430108,0.07526881720380817
AP14,10,8.484082950304037e-05,0.22759856630824374,0.22751372547874069
AP16,1,3.0383521028394373e-18,0.11827956989247312,0.11827956989247312
AP16,2,1.589142986127682e-16,0.06093189964157706,0.0609318996415769
AP16,3,1.8719091342901004e-15,0.023297491039426525,0.02329749103942465
AP16,4,1.0432314761045653e-14,0.007168458781362007,0.0071684587813515745
AP16,5,4.518021286241704e-14,0.005376344086021506,0.005376344085976326
AP16,6,2.0466306890118885e-13,0.0,2.0466306890118885e-13
AP16,7,9.856325596162908e-13,0.0,9.856325596162908e-13
AP16,8,4.953339420606808e-12,0.0,4.953339420606808e-12
AP16,9,4.797762192199372e-11,0.0,4.797762192199372e-11
AP16,10,1.276488014188822e-07,0.0,1.276488014188822e-07
AP19,1,6.901581038328625e-19,0.06989247311827956,0.06989247311827956
AP19,2,1.0792516626225782e-17,0.09498207885304659,0.09498207885304658
AP19,3,1.2721094392521858e-16,0.04659498207885305,0.046594982078852924
AP19,4,2.1088907569981635e-15,0.0035842293906810036,0.0035842293906788946
AP19,5,1.7274850279603152e-14,0.0,1.7274850279603152e-14
AP19,6,1.1949679120078532e-13,0.0,1.1949679120078532e-13
AP19,7,9.010478303162067e-13,0.0,9.010478303162067e-13
AP19,8,6.323392592505582e-12,0.0,6.323392592505582e-12
AP19,9,1.1369767304071756e-10,0.0,1.1369767304071756e-10
AP19,10,8.237522553116615e-09,0.0,8.237522553116615e-09
AP23,1,7.298622740138159e-18,0.0,7.298622740138159e-18
AP23,2,1.2390559872892573e-16,0.0,1.2390559872892573e-16
AP23,3,1.2948125830266234e-15,0.0,1.2948125830266234e-15
AP23,4,1.649309528236481e-14,0.0,1.649309528236481e-14
AP23,5,3.0710916052007213e-13,0.0,3.0710916052007213e-13
AP23,6,2.967046786819566e-12,0.0017921146953405018,0.001792114692373455
AP23,7,2.6240571026771573e-11,0.008960573476702509,0.008960573450461938
AP23,8,3.43454692130841e-10,0.026881720430107527,0.026881720086652836
AP23,9,7.054654995579445e-09,0.10215053763440861,0.10215053057975361
AP23,10,0.0001493184563761854,0.07526881720430108,0.0751194987479249
AP25,1,3.292850460323221e-19,0.18100358422939067,0.18100358422939067
AP25,2,9.1365055947617e-18,0.26523297491039427,0.26523297491039427
AP25,3,1.0771354435459305e-16,0.27598566308243727,0.27598566308243716
AP25,4,1.7180950045059932e-15,0.3207885304659498,0.3207885304659481
AP25,5,8.829928825170037e-14,0.03225806451612903,0.032258064516040734
AP25,6,6.114426637654984e-12,0.0,6.114426637654984e-12
AP25,7,4.735864427371018e-10,0.0,4.735864427371018e-10
AP25,8,3.4333968798266115e-08,0.0,3.4333968798266115e-08
AP25,9,4.905934801309728e-07,0.0,4.905934801309728e-07
AP25,10,0.0006698128147690599,0.0,0.0006698128147690599
AE05,1,4.582023540956391e-27,0.0,4.582023540956391e-27
AE05,2,1.712327551712841e-24,0.0,1.712327551712841e-24
AE05,3,1.0788085592261721e-22,0.0,1.0788085592261721e-22
AE05,4,2.3910523480868326e-21,0.025089605734767026,0.025089605734767026
AE05,5,4.6272416041511384e-20,0.09498207885304659,0.09498207885304659
AE05,6,3.9427323071783814e-19,0.014336917562724014,0.014336917562724014
AE05,7,1.5955882933491757e-18,0.008960573476702509,0.008960573476702507
AE05,8,6.412218053191116e-18,0.014336917562724014,0.014336917562724007
AE05,9,6.640548428794746e-17,0.03942652329749104,0.03942652329749097
AE05,10,2.0277863082910528e-10,0.017921146953405017,0.017921146750626386
AE06,1,4.76512307389222e-18,0.0,4.76512307389222e-18
AE06,2,1.9692465745619673e-16,0.0,1.9692465745619673e-16
AE06,3,1.5395753142795333e-15,0.0,1.5395753142795333e-15
AE06,4,9.228155742723015e-15,0.0,9.228155742723015e-15
AE06,5,1.0048131655678274e-13,0.0,1.0048131655678274e-13
AE06,6,1.4943547313228806e-12,0.0,1.4943547313228806e-12
AE06,7,2.5112766907698262e-11,0.0,2.5112766907698262e-11
AE06,8,4.504588119168317e-09,0.026881720430107527,0.026881715925519408
AE06,9,2.368002960309719e-06,0.08243727598566308,0.08243490798270277
AE06,10,0.004253671635100591,0.1057347670250896,0.101481095389989
