attack_code,evaluation_positive,evaluation_negative,mean_probability,median_probability,max_probability,brier_score,mean_positive_probability,mean_negative_probability,positive_median_probability,negative_median_probability,calibration_supported,note
AP01,0,5580,2.520027640377892e-11,3.9566439767369475e-20,3.091923517217765e-08,,,,,,False,No positive examples in evaluation set
AP02,0,5580,9.077161054950861e-10,5.812077842658539e-14,4.417966010805685e-07,,,,,,False,No positive examples in evaluation set
AP03,0,5580,0.0006375588797876883,1.219998841534009e-11,0.8978031277656555,,,,,,False,No positive examples in evaluation set
AP04,0,5580,5.2987240406698425e-09,6.289917773800175e-18,1.8902372858065064e-06,,,,,,False,No positive examples in evaluation set
AP05,0,5580,2.7067419720557593e-11,1.357451276772511e-26,1.4373932799571776e-07,,,,,,False,No positive examples in evaluation set
AP07,0,5580,4.748030278816065e-06,8.887655194116909e-16,0.019283361732959747,,,,,,False,No positive examples in evaluation set
AP08,0,5580,5.145315061657029e-09,1.602026086776254e-17,1.2380405678413808e-05,,,,,,False,No positive examples in evaluation set
AP09,0,5580,1.3012968138555947e-08,2.0153754022531067e-16,3.3864744182210416e-05,,,,,,False,No positive examples in evaluation set
AP11,0,5580,4.430567412585704e-09,4.68487036847754e-18,1.566082232784538e-06,,,,,,False,No positive examples in evaluation set
AP13,0,5580,3.589897337143914e-09,3.7737956506333124e-17,1.8350941900280304e-05,,,,,,False,No positive examples in evaluation set
AP14,180,5400,8.484083001593712e-06,3.680520117783873e-17,0.025390656664967537,0.0322580229490893,2.5910979318806007e-06,8.680515837250817e-06,1.5286456822583006e-10,2.6716384476175482e-17,True,
AP15,0,5580,9.419951936960623e-06,1.0345376356794833e-12,0.00960535928606987,,,,,,False,No positive examples in evaluation set
AP16,120,5460,1.277029803222427e-08,8.563091099915432e-14,9.915472219290677e-06,0.021505376344123254,1.456203982374371e-15,1.3050963891037902e-08,1.1574392136368163e-17,1.0316303949878085e-13,True,
AP17,0,5580,3.684783710218995e-11,6.065349551852623e-22,4.643377593538389e-08,,,,,,False,No positive examples in evaluation set
AP18,0,5580,1.0775391738570813e-06,3.363387246122472e-14,0.0023640021681785583,,,,,,False,No positive examples in evaluation set
AP19,120,5460,8.358583685806011e-10,3.972591807106015e-14,4.1253792915085796e-07,0.02150537634408608,4.087213685051179e-17,8.542288812774903e-10,6.096976034765803e-18,4.9086089536011686e-14,True,
AP20,0,5580,3.223262108039923e-05,2.2907852533770863e-16,0.050053663551807404,,,,,,False,No positive examples in evaluation set
AP21,0,5580,5.15393827995383e-08,1.8739455381324918e-13,2.0317018424975686e-05,,,,,,False,No positive examples in evaluation set
AP22,0,5580,0.00018728928635174105,4.352466873242325e-13,0.21408042311668396,,,,,,False,No positive examples in evaluation set
AP23,120,5460,1.493258840185192e-05,8.924777963100622e-13,0.02386176958680153,0.021505580832952908,4.7481951387947557e-07,1.5250341564224939e-05,9.959091773481532e-09,6.763192436642917e-13,True,
AP24,0,5580,9.861674486589874e-05,5.743841687000373e-11,0.03326154872775078,,,,,,False,No positive examples in evaluation set
AP25,600,4980,6.703382220089929e-05,3.518593836432382e-13,0.18727430701255798,0.10753790094498676,9.184733274666646e-16,7.511018632137893e-05,6.61827241190902e-17,2.786894087898617e-12,True,
AP26,0,5580,1.1167456252566297e-06,2.3793602504929012e-11,0.00046910482342354953,,,,,,False,No positive examples in evaluation set
AP27,0,5580,2.23281276666301e-12,1.8651100947771626e-18,1.8552444025488057e-09,,,,,,False,No positive examples in evaluation set
AP30,0,5580,2.51576877666107e-11,1.2031399918383726e-26,1.3340959981178457e-07,,,,,,False,No positive examples in evaluation set
AP32,0,5580,1.288231337848704e-08,8.756944415476767e-14,9.992801096814219e-06,,,,,,False,No positive examples in evaluation set
AP35,0,5580,5.170725750974824e-09,1.6264346977275913e-17,1.2446985238057096e-05,,,,,,False,No positive examples in evaluation set
AP42,0,5580,0.007490795001797209,8.239560004744779e-15,0.999990701675415,,,,,,False,No positive examples in evaluation set
AP43,0,5580,1.471153686141276e-10,2.033613971685786e-19,6.938434893299927e-08,,,,,,False,No positive examples in evaluation set
AP44,0,5580,2.163504186531863e-06,1.9655835763003875e-14,0.0014684819616377354,,,,,,False,No positive examples in evaluation set
AP45,0,5580,2.0998186125768896e-18,4.996699405072349e-24,1.1771871200944766e-15,,,,,,False,No positive examples in evaluation set
AP46,0,5580,1.35695498305728e-12,3.176913287553317e-19,8.436126242017394e-10,,,,,,False,No positive examples in evaluation set
AP47,0,5580,2.16354146065374e-06,2.1934943079016285e-14,0.001457473263144493,,,,,,False,No positive examples in evaluation set
AE01,0,5580,2.5880691091245063e-11,3.1879160304711912e-18,2.4912539586807725e-08,,,,,,False,No positive examples in evaluation set
AE03,0,5580,8.034365314641337e-09,7.9318096647623e-18,3.451355041761417e-06,,,,,,False,No positive examples in evaluation set
AE05,120,5460,2.0277870568544217e-11,1.3583132192498414e-19,1.049358822058366e-08,0.02150537634408602,6.181818397328018e-17,2.0723536694925764e-11,6.687044394152316e-20,1.425680100805867e-19,True,
AE06,120,5460,0.00042560441693675915,2.7572541960122626e-13,0.23430022597312927,0.021524538391235526,0.0001701802230524648,0.00043121813548366685,9.655253506934969e-06,2.1496779372852035e-13,True,
AE07,0,5580,8.58366954883379e-05,1.275279083452329e-14,0.057768821716308594,,,,,,False,No positive examples in evaluation set
AE08,0,5580,9.840154772890569e-09,8.222500344908434e-20,4.98374538437929e-06,,,,,,False,No positive examples in evaluation set
