attack_code,train_positive,evaluation_positive,precision,recall,f1,roc_auc,average_precision
AP01,120,0,0.0,0.0,0.0,,
AP02,180,0,0.0,0.0,0.0,,
AP03,240,0,0.0,0.0,0.0,,
AP04,180,0,0.0,0.0,0.0,,
AP05,180,0,0.0,0.0,0.0,,
AP07,240,0,0.0,0.0,0.0,,
AP08,120,0,0.0,0.0,0.0,,
AP09,180,0,0.0,0.0,0.0,,
AP11,180,0,0.0,0.0,0.0,,
AP13,180,0,0.0,0.0,0.0,,
AP14,300,180,0.0,0.0,0.0,0.9455493827160495,0.38173485357602976
AP15,180,0,0.0,0.0,0.0,,
AP16,120,120,0.0,0.0,0.0,0.11161630036630035,0.011724683817537421
AP17,180,0,0.0,0.0,0.0,,
AP18,120,0,0.0,0.0,0.0,,
AP19,180,120,0.0,0.0,0.0,0.13486263736263737,0.01211731561931928
AP20,180,0,0.0,0.0,0.0,,
AP21,120,0,0.0,0.0,0.0,,
AP22,540,0,0.0,0.0,0.0,,
AP23,120,120,0.0,0.0,0.0,0.8699343711843712,0.07547136143574132
AP24,180,0,0.0,0.0,0.0,,
AP25,540,600,0.0,0.0,0.0,0.19671670013386883,0.06545701729414213
AP26,120,0,0.0,0.0,0.0,,
AP27,180,0,0.0,0.0,0.0,,
AP30,180,0,0.0,0.0,0.0,,
AP32,120,0,0.0,0.0,0.0,,
AP35,120,0,0.0,0.0,0.0,,
AP42,180,0,0.0,0.0,0.0,,
AP43,660,0,0.0,0.0,0.0,,
AP44,2100,0,0.0,0.0,0.0,,
AP45,300,0,0.0,0.0,0.0,,
AP46,240,0,0.0,0.0,0.0,,
AP47,2100,0,0.0,0.0,0.0,,
AE01,240,0,0.0,0.0,0.0,,
AE03,180,0,0.0,0.0,0.0,,
AE05,240,120,0.0,0.0,0.0,0.5883943833943833,0.0250175704399583
AE06,180,120,0.0,0.0,0.0,0.8891910866910868,0.08613668456472352
AE07,120,0,0.0,0.0,0.0,,
AE08,180,0,0.0,0.0,0.0,,
