attack_code,evaluation_positive,evaluation_negative,positive_mean_probability,positive_median_probability,positive_p95_probability,positive_max_probability,negative_mean_probability,negative_median_probability,negative_p95_probability,negative_max_probability,roc_auc,average_precision,best_threshold,best_f1
AP01,0,5580,,,,,2.520027640377892e-11,3.9566439767369475e-20,1.6423151629873431e-12,3.091923517217765e-08,,,,0.0
AP02,0,5580,,,,,9.077161054950861e-10,5.812077842658539e-14,3.0005844142699824e-09,4.417966010805685e-07,,,,0.0
AP03,0,5580,,,,,0.0006375588797876883,1.219998841534009e-11,1.8614384998727475e-06,0.8978031277656555,,,,0.0
AP04,0,5580,,,,,5.2987240406698425e-09,6.289917773800175e-18,6.056179358004957e-09,1.8902372858065064e-06,,,,0.0
AP05,0,5580,,,,,2.7067419720557593e-11,1.357451276772511e-26,1.4716215747357642e-14,1.4373932799571776e-07,,,,0.0
AP07,0,5580,,,,,4.748030278816065e-06,8.887655194116909e-16,1.7368792255140258e-11,0.019283361732959747,,,,0.0
AP08,0,5580,,,,,5.145315061657029e-09,1.602026086776254e-17,2.992001035817546e-10,1.2380405678413808e-05,,,,0.0
AP09,0,5580,,,,,1.3012968138555947e-08,2.0153754022531067e-16,1.8115258737516626e-10,3.3864744182210416e-05,,,,0.0
AP11,0,5580,,,,,4.430567412585704e-09,4.68487036847754e-18,5.006379999450422e-09,1.566082232784538e-06,,,,0.0
AP13,0,5580,,,,,3.589897337143914e-09,3.7737956506333124e-17,5.9060231965418856e-12,1.8350941900280304e-05,,,,0.0
AP14,180,5400,2.5910979318806007e-06,1.5286456822583006e-10,7.129205414457788e-06,0.00020490019232966006,8.680515837250817e-06,2.6716384476175482e-17,1.3033049986455099e-11,0.025390656664967537,0.9455493827160495,0.38173485357602976,1e-06,0.21428571428571427
AP15,0,5580,,,,,9.419951936960623e-06,1.0345376356794833e-12,4.756549151352376e-06,0.00960535928606987,,,,0.0
AP16,120,5460,1.456203982374371e-15,1.1574392136368163e-17,4.36795301144555e-15,6.712677831123559e-14,1.3050963891037902e-08,1.0316303949878085e-13,2.675470378576966e-09,9.915472219290677e-06,0.11161630036630035,0.011724683817537421,,0.0
AP17,0,5580,,,,,3.684783710218995e-11,6.065349551852623e-22,5.28915639584633e-12,4.643377593538389e-08,,,,0.0
AP18,0,5580,,,,,1.0775391738570813e-06,3.363387246122472e-14,1.593461390614343e-09,0.0023640021681785583,,,,0.0
AP19,120,5460,4.087213685051179e-17,6.096976034765803e-18,1.8760431411109829e-16,1.0907571487060687e-15,8.542288812774903e-10,4.9086089536011686e-14,2.7594486917692556e-09,4.1253792915085796e-07,0.13486263736263737,0.01211731561931928,,0.0
AP20,0,5580,,,,,3.223262108039923e-05,2.2907852533770863e-16,8.336645684892122e-08,0.050053663551807404,,,,0.0
AP21,0,5580,,,,,5.15393827995383e-08,1.8739455381324918e-13,8.718550397190938e-08,2.0317018424975686e-05,,,,0.0
AP22,0,5580,,,,,0.00018728928635174105,4.352466873242325e-13,6.542567189171683e-06,0.21408042311668396,,,,0.0
AP23,120,5460,4.7481951387947557e-07,9.959091773481532e-09,3.5187808066439175e-06,7.4984545790357515e-06,1.5250341564224939e-05,6.763192436642917e-13,4.620336184757453e-07,0.02386176958680153,0.8699343711843712,0.07547136143574132,1e-06,0.07242339832869081
AP24,0,5580,,,,,9.861674486589874e-05,5.743841687000373e-11,1.6054858951975026e-05,0.03326154872775078,,,,0.0
AP25,600,4980,9.184733274666646e-16,6.61827241190902e-17,3.523885981819791e-15,5.0192566980944084e-14,7.511018632137893e-05,2.786894087898617e-12,8.504397783326577e-06,0.18727430701255798,0.19671670013386883,0.06545701729414213,,0.0
AP26,0,5580,,,,,1.1167456252566297e-06,2.3793602504929012e-11,3.562147270486119e-07,0.00046910482342354953,,,,0.0
AP27,0,5580,,,,,2.23281276666301e-12,1.8651100947771626e-18,2.3952731887776927e-13,1.8552444025488057e-09,,,,0.0
AP30,0,5580,,,,,2.51576877666107e-11,1.2031399918383726e-26,1.4009707810690132e-14,1.3340959981178457e-07,,,,0.0
AP32,0,5580,,,,,1.288231337848704e-08,8.756944415476767e-14,2.604189774935154e-09,9.992801096814219e-06,,,,0.0
AP35,0,5580,,,,,5.170725750974824e-09,1.6264346977275913e-17,3.0140842183223974e-10,1.2446985238057096e-05,,,,0.0
AP42,0,5580,,,,,0.007490795001797209,8.239560004744779e-15,3.378613037057221e-05,0.999990701675415,,,,0.0
AP43,0,5580,,,,,1.471153686141276e-10,2.033613971685786e-19,5.611191788990056e-11,6.938434893299927e-08,,,,0.0
AP44,0,5580,,,,,2.163504186531863e-06,1.9655835763003875e-14,1.6127068590776685e-06,0.0014684819616377354,,,,0.0
AP45,0,5580,,,,,2.0998186125768896e-18,4.996699405072349e-24,2.1808547676981867e-18,1.1771871200944766e-15,,,,0.0
AP46,0,5580,,,,,1.35695498305728e-12,3.176913287553317e-19,1.6915557333758324e-12,8.436126242017394e-10,,,,0.0
AP47,0,5580,,,,,2.16354146065374e-06,2.1934943079016285e-14,1.6109856744606187e-06,0.001457473263144493,,,,0.0
AE01,0,5580,,,,,2.5880691091245063e-11,3.1879160304711912e-18,7.004215111551551e-12,2.4912539586807725e-08,,,,0.0
AE03,0,5580,,,,,8.034365314641337e-09,7.9318096647623e-18,2.7379370992619593e-09,3.451355041761417e-06,,,,0.0
AE05,120,5460,6.181818397328018e-17,6.687044394152316e-20,3.7567057087487174e-16,1.2233154756107617e-15,2.0723536694925764e-11,1.425680100805867e-19,5.415944948952411e-15,1.049358822058366e-08,0.5883943833943833,0.0250175704399583,,0.0
AE06,120,5460,0.0001701802230524648,9.655253506934969e-06,0.0009056953305844217,0.006304319482296705,0.00043121813548366685,2.1496779372852035e-13,0.0001692757999990144,0.23430022597312927,0.8891910866910868,0.08613668456472352,1e-05,0.17316017316017315
AE07,0,5580,,,,,8.58366954883379e-05,1.275279083452329e-14,1.0934434271803186e-06,0.057768821716308594,,,,0.0
AE08,0,5580,,,,,9.840154772890569e-09,8.222500344908434e-20,1.5430210331679462e-09,4.98374538437929e-06,,,,0.0
