attack_code,positive_rows,negative_rows,mean_probability,max_probability,precision_at_0.5,recall_at_0.5,f1_at_0.5,roc_auc,average_precision
AP01,0,5580,1.0000000000000002e-07,1e-07,0.0,0.0,0.0,,
AP02,0,5580,1.0006870721402368e-07,4.417966010805685e-07,0.0,0.0,0.0,,
AP03,0,5580,0.0006376480728627782,0.8978031277656555,0.0,0.0,0.0,,
AP04,0,5580,1.0301825038649695e-07,1.8902372858065064e-06,0.0,0.0,0.0,,
AP05,0,5580,1.0000783858924656e-07,1.4373932799571776e-07,0.0,0.0,0.0,,
AP07,0,5580,4.847597737225573e-06,0.019283361732959747,0.0,0.0,0.0,,
AP08,0,5580,1.0388754114567405e-07,1.2380405678413808e-05,0.0,0.0,0.0,,
AP09,0,5580,1.1193986576908035e-07,3.3864744182210416e-05,0.0,0.0,0.0,,
AP11,0,5580,1.0239066164160151e-07,1.566082232784538e-06,0.0,0.0,0.0,,
AP13,0,5580,1.0348775467807829e-07,1.8350941900280304e-05,0.0,0.0,0.0,,
AP14,180,5400,8.582336907397717e-06,0.025390656664967537,0.0,0.0,0.0,0.6305462962962963,0.15423370721903248
AP15,0,5580,9.499576514355086e-06,0.00960535928606987,0.0,0.0,0.0,,
AP16,120,5460,1.104513876971828e-07,9.915472219290677e-06,0.0,0.0,0.0,0.4926739926739927,0.021505376344086023
AP17,0,5580,1.0000000000000002e-07,1e-07,0.0,0.0,0.0,,
AP18,0,5580,1.1749834438342827e-06,0.0023640021681785583,0.0,0.0,0.0,,
AP19,120,5460,1.0006179768487164e-07,4.1253792915085796e-07,0.0,0.0,0.0,0.4998168498168498,0.021505376344086023
AP20,0,5580,3.232713356860369e-05,0.050053663551807404,0.0,0.0,0.0,,
AP21,0,5580,1.436771170203434e-07,2.0317018424975686e-05,0.0,0.0,0.0,,
AP22,0,5580,0.00018737352727224256,0.21408042311668396,0.0,0.0,0.0,,
AP23,120,5460,1.5022805006414713e-05,0.02386176958680153,0.0,0.0,0.0,0.605339590964591,0.032172289788309175
AP24,0,5580,9.870327600819203e-05,0.03326154872775078,0.0,0.0,0.0,,
AP25,600,4980,6.711035907553858e-05,0.18727430701255798,0.0,0.0,0.0,0.3857429718875502,0.10752688172043011
AP26,0,5580,1.2073722901907018e-06,0.00046910482342354953,0.0,0.0,0.0,,
AP27,0,5580,1.0000000000000002e-07,1e-07,0.0,0.0,0.0,,
AP30,0,5580,1.0000598738347882e-07,1.3340959981178457e-07,0.0,0.0,0.0,,
AP32,0,5580,1.1055405351047931e-07,9.992801096814219e-06,0.0,0.0,0.0,,
AP35,0,5580,1.0390975277398924e-07,1.2446985238057096e-05,0.0,0.0,0.0,,
AP42,0,5580,0.007490879102573319,0.999990701675415,0.0,0.0,0.0,,
AP43,0,5580,1.0000000000000002e-07,1e-07,0.0,0.0,0.0,,
AP44,0,5580,2.25072956820686e-06,0.0014684819616377354,0.0,0.0,0.0,,
AP45,0,5580,1.0000000000000002e-07,1e-07,0.0,0.0,0.0,,
AP46,0,5580,1.0000000000000002e-07,1e-07,0.0,0.0,0.0,,
AP47,0,5580,2.250746701934083e-06,0.001457473263144493,0.0,0.0,0.0,,
AE01,0,5580,1.0000000000000002e-07,1e-07,0.0,0.0,0.0,,
AE03,0,5580,1.0610410675838732e-07,3.451355041761417e-06,0.0,0.0,0.0,,
AE05,120,5460,1.0000000000000002e-07,1e-07,0.0,0.0,0.0,0.5,0.021505376344086023
AE06,120,5460,0.0004256845725969683,0.23430022597312927,0.0,0.0,0.0,0.8160492979242979,0.07309644584540463
AE07,0,5580,8.592709014542928e-05,0.057768821716308594,0.0,0.0,0.0,,
AE08,0,5580,1.0765442603254757e-07,4.98374538437929e-06,0.0,0.0,0.0,,
