scenario_id,rank,predicted_code,mean_raw_probability,is_true_code
A201,1,AP42,0.16087680405527532,0
A201,2,AP03,0.005311011301325556,0
A201,3,AP07,0.0001470950762680061,0
A203,1,AP18,4.0112208698364686e-05,0
A203,2,AP26,9.703748059212818e-08,0
A203,3,AP15,2.915089535465754e-08,0
A209,1,AP25,0.0029176761822619834,0
A209,2,AP22,0.0017841701445771763,0
A209,3,AP42,0.0003720817071968528,0
A213,1,AP24,0.00038595724049345006,0
A213,2,AP26,1.7667511180744573e-06,0
A213,3,AP32,4.5214523724115114e-09,0
A214,1,AP20,9.386979560741376e-07,0
A214,2,AP04,6.26783526644995e-08,0
A214,3,AP11,5.283279025641158e-08,0
A235,1,AP25,7.41123914495508e-05,0
A235,2,AE07,4.322475712946379e-05,0
A235,3,AE06,5.173539222854314e-06,0
A236,1,AE06,0.0001701802230524648,1
A236,2,AP47,6.002697060999059e-06,0
A236,3,AP44,5.980583281924486e-06,0
