attack_code,method,fit_positive,validation_positive,brier_score,log_loss,roc_auc,average_precision
AP01,raw,60,60,1.3721215635867235e-05,0.0001409971297614986,1.0,1.0
AP01,sigmoid,60,60,1.6240866244852806e-05,0.00010421150546807683,1.0,1.0
AP01,isotonic,60,60,2.372437782582638e-06,1.4336747216885991e-05,1.0,1.0
AP02,raw,60,60,4.0989668629190675e-06,6.198563191350108e-05,1.0,1.0
AP02,sigmoid,60,60,4.7746404328881404e-06,7.772980398559953e-05,1.0,1.0
AP02,isotonic,60,60,1.8085921948565093e-06,1.8256471364719642e-05,1.0,1.0
AP03,raw,120,60,1.0121039317002563e-06,1.8457586058885886e-05,1.0,1.0
AP03,sigmoid,120,60,8.627749416697817e-06,0.00010729555547680161,1.0,1.0
AP03,isotonic,120,60,5.825528801336219e-09,3.2943478875952556e-07,1.0,1.0
AP04,raw,60,60,1.3542405525028253e-05,0.00014076695047972955,1.0,1.0
AP04,sigmoid,60,60,2.3978643403551025e-05,0.00013663804109974534,1.0,1.0
AP04,isotonic,60,60,4.526158799402785e-06,3.816339391144568e-05,1.0,1.0
AP05,raw,60,60,3.989211425569817e-05,0.0002657649045122414,0.9999998531842861,0.9997267759562841
AP05,sigmoid,60,60,7.74105567296957e-05,0.0003508893741810673,0.9999998531842861,0.9997267759562841
AP05,isotonic,60,60,7.602562494692584e-05,0.0002988943580899058,0.9999998531842861,0.9997267759562841
AP07,raw,120,60,1.4154154876470207e-05,6.959486942161464e-05,1.0,1.0
AP07,sigmoid,120,60,3.4856106649272854e-05,0.00017640077461158492,1.0,1.0
AP07,isotonic,120,60,4.952412825523635e-06,1.230533594247112e-05,1.0,1.0
AP08,raw,60,60,5.7165861596414546e-06,9.892906695850993e-05,1.0,1.0
AP08,sigmoid,60,60,4.6602114725846314e-06,6.95911718437669e-05,1.0,1.0
AP08,isotonic,60,60,2.0143998123973557e-06,2.813542643085553e-05,1.0,1.0
AP09,raw,60,60,4.833829286224048e-06,7.324980385895006e-05,1.0,1.0
AP09,sigmoid,60,60,7.195814351005888e-07,5.806953437614142e-05,1.0,1.0
AP09,isotonic,60,60,5.482506220290887e-06,3.8110471410142414e-05,1.0,1.0
AP11,raw,60,60,1.3470999370171764e-05,0.00014027921007437106,1.0,1.0
AP11,sigmoid,60,60,2.3853176768100273e-05,0.00013638689531361454,1.0,1.0
AP11,isotonic,60,60,4.496770814324734e-06,3.8062322818068916e-05,1.0,1.0
AP13,raw,60,60,1.8721261422843096e-05,8.178847011958791e-05,1.0,1.0
AP13,sigmoid,60,60,4.617808199575437e-05,0.0002468569828454324,1.0,1.0
AP13,isotonic,60,60,8.804287698962061e-06,0.00014200837861543956,0.9916666666666667,0.9833421376227831
AP14,raw,120,120,2.0379502260405398e-05,0.00021401005539028857,1.0,0.9999999999999999
AP14,sigmoid,120,120,1.4425321335679482e-06,4.543955697854197e-05,1.0,0.9999999999999999
AP14,isotonic,120,120,4.780136657392891e-05,0.00017521807808602375,1.0,1.0
AP15,raw,60,60,2.9723495466921685e-07,5.010104328436025e-06,1.0,1.0
AP15,sigmoid,60,60,5.884118168275234e-06,0.00011791524382028228,1.0,1.0
AP15,isotonic,60,60,9.999999994733664e-15,1.0000000494736472e-07,1.0,1.0
AP16,raw,60,60,8.998676960199776e-06,8.500954314005008e-05,1.0,1.0
AP16,sigmoid,60,60,1.0227334985793064e-05,0.00010064114548536424,1.0,1.0
AP16,isotonic,60,60,8.40513130953732e-06,3.0374904962769077e-05,1.0,1.0
AP17,raw,60,60,7.956570839557931e-07,1.391332008803752e-05,1.0,1.0
AP17,sigmoid,60,60,1.1776040617673114e-06,6.852548873289524e-05,1.0,1.0
AP17,isotonic,60,60,9.999999994733664e-15,1.0000000494736472e-07,1.0,1.0
AP18,raw,60,60,1.1324232344080257e-06,1.2034880908891383e-05,1.0,0.9999999999999998
AP18,sigmoid,60,60,6.468514808343897e-06,9.618042078008107e-05,1.0,0.9999999999999998
AP18,isotonic,60,60,9.999999994733664e-15,1.0000000494736472e-07,1.0,1.0
AP19,raw,60,60,4.045930329417263e-06,6.150295954172125e-05,1.0,1.0
AP19,sigmoid,60,60,4.706661782182968e-06,7.767966163689788e-05,1.0,1.0
AP19,isotonic,60,60,1.7794022690316743e-06,1.8075726932923543e-05,1.0,1.0
AP20,raw,60,60,3.0017711075958687e-06,2.988811028264108e-05,1.0,1.0
AP20,sigmoid,60,60,5.426282749297206e-06,7.778054065613331e-05,1.0,1.0
AP20,isotonic,60,60,1.7733652188675064e-08,5.04276073341241e-07,1.0,1.0
AP21,raw,60,60,1.8430887234046188e-06,1.9375463794913384e-05,1.0,1.0
AP21,sigmoid,60,60,2.465598124917752e-06,7.216557313343677e-05,1.0,1.0
AP21,isotonic,60,60,9.999999994733664e-15,1.0000000494736472e-07,1.0,1.0
AP22,raw,240,240,1.0116986364311422e-05,0.0001043020679825928,1.0,1.0
AP22,sigmoid,240,240,2.6289869566286844e-05,0.0002626207692652131,1.0,1.0
AP22,isotonic,240,240,9.999999994725321e-15,1.0000000494736472e-07,1.0,1.0
AP23,raw,60,60,2.138053400700467e-06,2.844355166312619e-05,1.0,1.0
AP23,sigmoid,60,60,6.1338678489231855e-06,9.177495241274134e-05,1.0,1.0
AP23,isotonic,60,60,2.859159854461139e-07,1.8494432321653524e-06,1.0,1.0
AP24,raw,60,60,1.1682663003396787e-06,1.724574235970393e-05,1.0,1.0
AP24,sigmoid,60,60,1.0267687479257207e-05,0.00011184308802175809,1.0,1.0
AP24,isotonic,60,60,5.250316907041177e-08,8.075775372954958e-07,1.0,1.0
AP25,raw,240,240,5.787308692755219e-06,8.790515976272417e-05,1.0,0.9999999999999999
AP25,sigmoid,240,240,2.5900980108847173e-05,0.0002757298482643892,1.0,0.9999999999999999
AP25,isotonic,240,240,3.7837504694138915e-06,6.082586787263738e-05,1.0,1.0
AP26,raw,60,60,8.957497318066837e-07,2.8753413421887237e-05,1.0,1.0
AP26,sigmoid,60,60,1.4755701896720635e-06,7.065497425147093e-05,1.0,1.0
AP26,isotonic,60,60,4.395117015526828e-07,1.2681591167834887e-05,1.0,1.0
AP27,raw,60,60,2.4816571867431245e-05,0.00017754073613910642,1.0,1.0
AP27,sigmoid,60,60,3.4010618796265985e-05,0.00016735593106098585,1.0,1.0
AP27,isotonic,60,60,3.401826783808416e-05,0.00015178231076536303,1.0,1.0
AP30,raw,60,60,3.983400055009091e-05,0.00026541035069820273,0.9999998531842861,0.9997267759562843
AP30,sigmoid,60,60,7.73020649520319e-05,0.00035042913642334406,0.9999998531842861,0.9997267759562843
AP30,isotonic,60,60,7.627396953035623e-05,0.0002999143628763558,0.999999853184286,0.9997267759562841
AP32,raw,60,60,9.004355406260266e-06,8.505220964733119e-05,1.0,1.0
AP32,sigmoid,60,60,1.0226739746700107e-05,0.00010063456889239921,1.0,1.0
AP32,isotonic,60,60,8.419974001836148e-06,3.041771273926654e-05,1.0,1.0
AP35,raw,60,60,5.719058428584895e-06,9.896925641605109e-05,1.0,1.0
AP35,sigmoid,60,60,4.660910809225231e-06,6.95822832436374e-05,1.0,1.0
AP35,isotonic,60,60,2.0192358601087054e-06,2.8209774720592464e-05,1.0,1.0
AP42,raw,60,60,5.935148169911354e-06,4.450109173569833e-05,1.0,1.0
AP42,sigmoid,60,60,6.363679364491607e-05,0.00025602924983383934,1.0,1.0
AP42,isotonic,60,60,2.1717608360363732e-05,7.573572407606779e-05,1.0,1.0
AP43,raw,300,300,2.596758378940709e-06,5.380160059375988e-05,1.0,1.0
AP43,sigmoid,300,300,1.3333700113319628e-06,0.0001231909895886143,1.0,1.0
AP43,isotonic,300,300,9.99999999472254e-15,1.0000000494736472e-07,1.0,1.0
AP44,raw,1020,1020,8.959569252685912e-07,4.509319202132775e-05,1.0,1.0
AP44,sigmoid,1020,1020,1.9044436833657729e-06,0.00035626488928805977,1.0,1.0
AP44,isotonic,1020,1020,1.1047511882273692e-06,2.7854375577539102e-05,1.0,1.0
AP45,raw,120,120,9.09717036430695e-05,0.000574493284109613,0.9999997796599713,0.9997939435336975
AP45,sigmoid,120,120,3.390609571674024e-05,0.00015079192442457815,0.9999997796599713,0.9997939435336975
AP45,isotonic,120,120,0.00013993544335236664,0.0017985083049417883,0.9999471183931042,0.9090909090909091
AP46,raw,120,60,3.1404647244345044e-06,2.4390843641449125e-05,1.0,1.0
AP46,sigmoid,120,60,6.829479443094034e-06,7.955501163342605e-05,1.0,1.0
AP46,isotonic,120,60,9.999999994733664e-15,1.0000000494736472e-07,1.0,1.0
AP47,raw,1020,1020,8.991836712153407e-07,4.523106160110736e-05,1.0,1.0
AP47,sigmoid,1020,1020,1.9042383145066432e-06,0.0003562623679438508,1.0,1.0
AP47,isotonic,1020,1020,1.1092968285382944e-06,2.7934860026549214e-05,1.0,1.0
AE01,raw,120,60,8.394610823156196e-06,0.00010516695345820655,1.0,1.0
AE01,sigmoid,120,60,3.4746442924182004e-06,7.290497338621007e-05,1.0,1.0
AE01,isotonic,120,60,6.98408979406842e-06,5.257639888905014e-05,1.0,1.0
AE03,raw,60,60,9.540844363803743e-06,0.0001239933941204126,1.0,1.0
AE03,sigmoid,60,60,7.090901815622106e-06,7.9119406894383e-05,1.0,1.0
AE03,isotonic,60,60,4.330195524880962e-06,2.315050485305186e-05,1.0,1.0
AE05,raw,120,60,5.441731529925655e-06,8.509526601643906e-05,1.0000000000000002,1.0
AE05,sigmoid,120,60,1.3479567850896087e-05,0.0001124067834821562,1.0000000000000002,1.0
AE05,isotonic,120,60,1.726191601153723e-06,2.2493997903914158e-05,1.0,1.0
AE06,raw,60,60,1.668729849907526e-05,0.00013765845781230085,1.0,1.0
AE06,sigmoid,60,60,1.1867513058638365e-05,0.00012065911086502542,1.0,1.0
AE06,isotonic,60,60,2.4206870598291485e-05,0.00022769098848170668,0.9999955955285805,0.9836065573770492
AE07,raw,60,60,1.1796202138501792e-05,0.00012865448082169018,1.0,1.0
AE07,sigmoid,60,60,2.0857693679567516e-05,0.00013134029711495154,1.0,1.0
AE07,isotonic,60,60,5.393441439185852e-06,5.412564901234472e-05,1.0,1.0
AE08,raw,60,60,1.595804471696454e-05,0.00014771151888711933,1.0,1.0
AE08,sigmoid,60,60,3.2322260712880018e-06,6.107358514481632e-05,1.0,1.0
AE08,isotonic,60,60,0.00010182853415034307,0.0005807469372646716,0.9999911910571612,0.967741935483871
