attack_code,method,positive_count,negative_count,brier_score,log_loss,roc_auc,average_precision,mean_probability
AP01,raw,60,1801,0.0005133049865761715,0.0031469023364524527,1.0,1.0,0.0294498450779564
AP01,sigmoid,60,1801,0.001210919630306253,0.0107110557129256,1.0,1.0,0.032209352352064936
AP01,isotonic,60,1801,9.99999999456674e-15,1.0000000494736474e-07,1.0,1.0,0.03224082434175175
AP02,raw,60,1801,0.00011758786103353581,0.0008658177822052914,1.0,1.0,0.031463057441006706
AP02,sigmoid,60,1801,0.0007253216976833176,0.009005631350133872,1.0,1.0,0.03231756723748343
AP02,isotonic,60,1801,9.99999999456674e-15,1.0000000494736474e-07,1.0,1.0,0.032240824341751746
AP03,raw,60,1801,6.13774000790802e-05,0.0010138658299792777,1.0,1.0,0.031260204276726586
AP03,sigmoid,60,1801,0.0006007690739501516,0.008809253864991689,0.9999999999999999,1.0,0.03232559922861111
AP03,isotonic,60,1801,9.999999994566738e-15,1.0000000494736474e-07,1.0,1.0,0.03224082434175175
AP04,raw,60,1801,0.0005329507049520451,0.0033152125995962655,1.0,1.0,0.029364702755792157
AP04,sigmoid,60,1801,0.0011966265451852018,0.010702736544093476,1.0,1.0,0.0322109806860882
AP04,isotonic,60,1801,9.99999999456674e-15,1.0000000494736474e-07,1.0,1.0,0.032240824341751746
AP05,raw,60,1801,0.0017458252474394185,0.006223600519111439,1.0,1.0,0.02749761057838269
AP05,sigmoid,60,1801,0.0032223114202770595,0.017217464957451818,1.0,1.0,0.032222157559422406
AP05,isotonic,60,1801,9.99999999456674e-15,1.0000000494736474e-07,1.0,1.0,0.032240824341751746
AP07,raw,60,1801,0.0008597280693256948,0.003888066463662002,1.0,1.0,0.0293793601854854
AP07,sigmoid,60,1801,0.0019081439857385237,0.012635622677536809,1.0,1.0,0.03220103293296794
AP07,isotonic,60,1801,9.999999994566738e-15,1.0000000494736474e-07,1.0,1.0,0.03224082434175175
AP08,raw,60,1801,0.00021483373158152628,0.001854792194797154,1.0,1.0,0.030542789129445518
AP08,sigmoid,60,1801,0.0008453370381167633,0.009528851967059748,1.0,1.0,0.03214389521772567
AP08,isotonic,60,1801,9.99999999456674e-15,1.0000000494736474e-07,1.0,1.0,0.03224082434175175
AP09,raw,60,1801,7.137950058589615e-05,0.0010112222560009069,1.0,1.0,0.031276121037949675
AP09,sigmoid,60,1801,0.00061377112084652,0.008836345855801637,1.0,1.0,0.03232348254878847
AP09,isotonic,60,1801,9.99999999456674e-15,1.0000000494736474e-07,1.0,1.0,0.03224082434175175
AP11,raw,60,1801,0.0005303774328495297,0.003306247108360024,1.0,1.0,0.029370686305479468
AP11,sigmoid,60,1801,0.001192708665052188,0.010691877666843411,1.0,1.0,0.032210982417207275
AP11,isotonic,60,1801,9.99999999456674e-15,1.0000000494736474e-07,1.0,1.0,0.032240824341751746
AP13,raw,60,1801,0.0011365040620681327,0.00472672500565935,1.0,1.0,0.02860329478218666
AP13,sigmoid,60,1801,0.002094235560601143,0.014263309008014317,1.0,1.0,0.032215436028416373
AP13,isotonic,60,1801,9.999999994566738e-15,1.0000000494736474e-07,1.0,1.0,0.03224082434175175
AP14,raw,120,1741,0.00033904357102507247,0.0021873157440365446,1.0,0.9999999999999999,0.06257371916222168
AP14,sigmoid,120,1741,0.0007127405776864602,0.010107846838911826,1.0,0.9999999999999999,0.06456678678758941
AP14,isotonic,120,1741,9.999999994397038e-15,1.0000000494736474e-07,1.0,1.0,0.0644815486835035
AP15,raw,60,1801,1.7805250811059912e-05,0.00022821884157823703,1.0,1.0,0.03205423538374131
AP15,sigmoid,60,1801,0.0005435401625672976,0.008394662653898793,1.0,1.0,0.032252129400068295
AP15,isotonic,60,1801,9.999999994566738e-15,1.0000000494736474e-07,1.0,1.0,0.03224082434175175
AP16,raw,60,1801,0.00025024439612271725,0.0019262561673409591,1.0,1.0,0.030614667414533336
AP16,sigmoid,60,1801,0.0009072938133613826,0.009652094327887084,1.0,1.0,0.03216647911561629
AP16,isotonic,60,1801,9.99999999456674e-15,1.0000000494736474e-07,1.0,1.0,0.03224082434175175
AP17,raw,60,1801,4.8473581252220924e-05,0.0008062014398666471,1.0,1.0,0.03146570696737865
AP17,sigmoid,60,1801,0.0005823336373242598,0.008702190375300779,1.0,1.0,0.03233892418345425
AP17,isotonic,60,1801,9.999999994566738e-15,1.0000000494736474e-07,1.0,1.0,0.03224082434175175
AP18,raw,60,1801,6.851308426034172e-05,0.0006774325247953141,1.0,0.9999999999999998,0.03160177911766011
AP18,sigmoid,60,1801,0.0006172923552577022,0.00873275891334429,1.0,0.9999999999999998,0.03233780352891939
AP18,isotonic,60,1801,9.999999994566738e-15,1.0000000494736474e-07,1.0,1.0,0.03224082434175176
AP19,raw,60,1801,0.00011587233252673076,0.0008584775130682732,1.0,1.0,0.031468754175428534
AP19,sigmoid,60,1801,0.0007215066050919018,0.00899584847701879,1.0,1.0,0.03231856740083406
AP19,isotonic,60,1801,9.99999999456674e-15,1.0000000494736474e-07,1.0,1.0,0.032240824341751746
AP20,raw,60,1801,0.00017611433557837482,0.0014218110304483427,1.0,1.0,0.030925603857709726
AP20,sigmoid,60,1801,0.0008134324752757438,0.00937023439451523,1.0,1.0,0.03223074281963584
AP20,isotonic,60,1801,9.999999994566738e-15,1.0000000494736474e-07,1.0,1.0,0.032240824341751746
AP21,raw,60,1801,0.00011188295195571744,0.0010657411726371778,1.0,1.0,0.031238578018844353
AP21,sigmoid,60,1801,0.0006860350221986956,0.00904093799725059,1.0,1.0,0.03233764007460269
AP21,isotonic,60,1801,9.999999994566738e-15,1.0000000494736474e-07,1.0,1.0,0.03224082434175175
AP22,raw,60,1801,0.0005150620642397072,0.0037474617906733086,1.0,1.0,0.02879577818041864
AP22,sigmoid,60,1801,0.0009470749954114045,0.010397177335008409,1.0,1.0,0.03222673244222615
AP22,isotonic,60,1801,9.999999994566738e-15,1.0000000494736474e-07,1.0,1.0,0.032240824341751746
AP23,raw,60,1801,0.00012963419586614082,0.0015958213378470946,1.0,1.0,0.03072589786904054
AP23,sigmoid,60,1801,0.0007037452184774661,0.009197753104361182,1.0,1.0,0.03223316499125326
AP23,isotonic,60,1801,9.999999994566738e-15,1.0000000494736474e-07,1.0,1.0,0.03224082434175175
AP24,raw,60,1801,7.125860512008062e-05,0.0009981678845243612,1.0,1.0,0.031314951822050595
AP24,sigmoid,60,1801,0.0006159814874592004,0.008831972445055708,1.0,1.0,0.032325148929983116
AP24,isotonic,60,1801,9.999999994566738e-15,1.0000000494736474e-07,1.0,1.0,0.03224082434175175
AP25,raw,60,1801,0.00016517881302177472,0.0009381232745828051,1.0,1.0,0.03142175676898629
AP25,sigmoid,60,1801,0.0008396833268581849,0.009287701555144946,1.0,1.0,0.032322354870534226
AP25,isotonic,60,1801,9.99999999456674e-15,1.0000000494736474e-07,1.0,1.0,0.032240824341751746
AP26,raw,60,1801,2.5706934055541925e-05,0.0002840725250763056,1.0,1.0,0.03198553916777274
AP26,sigmoid,60,1801,0.0005582414759772908,0.008446652918350955,1.0,1.0,0.032251473591634466
AP26,isotonic,60,1801,9.99999999456674e-15,1.0000000494736474e-07,1.0,1.0,0.032240824341751746
AP27,raw,60,1801,0.0007643668986176578,0.004169204249240786,1.0,1.0,0.028561956050705984
AP27,sigmoid,60,1801,0.0015076493331953162,0.011698892347835452,1.0,1.0,0.03221975874337497
AP27,isotonic,60,1801,9.99999999456674e-15,1.0000000494736474e-07,1.0,1.0,0.032240824341751746
AP30,raw,60,1801,0.0017433738392500537,0.00621612638000682,1.0,1.0,0.02750277332822558
AP30,sigmoid,60,1801,0.0032192236767916507,0.017206416040651932,1.0,1.0,0.03222207474140786
AP30,isotonic,60,1801,9.99999999456674e-15,1.0000000494736474e-07,1.0,1.0,0.032240824341751746
AP32,raw,60,1801,0.0002502666774009151,0.0019261946762672679,1.0,1.0,0.03061449905658771
AP32,sigmoid,60,1801,0.0009073549488069948,0.009652214160750714,1.0,1.0,0.03216646078168548
AP32,isotonic,60,1801,9.99999999456674e-15,1.0000000494736474e-07,1.0,1.0,0.03224082434175175
AP35,raw,60,1801,0.00021497479094848915,0.0018557085302989644,1.0,1.0,0.030542012900517106
AP35,sigmoid,60,1801,0.0008454682195127868,0.009529335921014907,1.0,1.0,0.03214370325647353
AP35,isotonic,60,1801,9.99999999456674e-15,1.0000000494736474e-07,1.0,1.0,0.03224082434175175
AP42,raw,60,1801,0.0003515632991564677,0.002328464585491967,1.0,1.0,0.030230236226848874
AP42,sigmoid,60,1801,0.0010417414530489498,0.010059379256271532,1.0,1.0,0.032210362628552126
AP42,isotonic,60,1801,9.999999994566738e-15,1.0000000494736474e-07,1.0,1.0,0.032240824341751746
AP43,raw,60,1801,0.0001181532047039617,0.001622405673697759,1.0,1.0,0.030681992614214653
AP43,sigmoid,60,1801,0.0006557078749117089,0.009120545318144454,1.0,1.0,0.03224016262531848
AP43,isotonic,60,1801,9.999999994566738e-15,1.0000000494736474e-07,1.0,1.0,0.03224082434175175
AP44,raw,60,1801,4.028273582547916e-06,0.00011217426037107695,1.0,0.9999999999999998,0.03215373841196576
AP44,sigmoid,60,1801,0.0005170285859611602,0.008302379015540347,1.0,1.0,0.032253211299793694
AP44,isotonic,60,1801,9.99999999456674e-15,1.0000000494736474e-07,1.0,1.0,0.03224082434175175
AP45,raw,120,1741,0.002805567505716613,0.013020531428599432,1.0,1.0,0.05328196930164317
AP45,sigmoid,120,1741,0.0017482015600883867,0.01505043591670925,1.0,0.9999999999999999,0.06457577940906564
AP45,isotonic,120,1741,9.99999999439704e-15,1.0000000494736474e-07,1.0,1.0,0.0644815486835035
AP46,raw,60,1801,0.0001916499231306679,0.0014546813017819417,1.0,1.0,0.03089994477965641
AP46,sigmoid,60,1801,0.0008685511037129936,0.009479020724831325,1.0,1.0,0.032211397222274625
AP46,isotonic,60,1801,9.99999999456674e-15,1.0000000494736474e-07,1.0,1.0,0.032240824341751746
AP47,raw,60,1801,4.044712913167395e-06,0.00011250650649033871,1.0,1.0,0.03215365518179115
AP47,sigmoid,60,1801,0.0005170567618560744,0.008302512110316521,1.0,0.9999999999999998,0.03225320982505232
AP47,isotonic,60,1801,9.99999999456674e-15,1.0000000494736474e-07,1.0,1.0,0.03224082434175175
AE01,raw,60,1801,0.00014815992784910983,0.0014541841095586808,1.0,1.0,0.030870085332639272
AE01,sigmoid,60,1801,0.0007326753929328771,0.009225385957316007,1.0,1.0,0.03224550300600195
AE01,isotonic,60,1801,9.99999999456674e-15,1.0000000494736474e-07,1.0,1.0,0.032240824341751746
AE03,raw,60,1801,0.0002744715756939806,0.0023045796160393664,1.0,1.0,0.03013506432947628
AE03,sigmoid,60,1801,0.0008966054385205707,0.0097740714767067,1.0,1.0,0.03221552374756176
AE03,isotonic,60,1801,9.999999994566738e-15,1.0000000494736474e-07,1.0,1.0,0.03224082434175175
AE05,raw,60,1801,0.00014871202441252613,0.00136975250392559,1.0,1.0,0.030955820487635222
AE05,sigmoid,60,1801,0.0007502749515858919,0.009234534174073904,1.0,1.0,0.032256833881599244
AE05,isotonic,60,1801,9.99999999456674e-15,1.0000000494736474e-07,1.0,1.0,0.03224082434175176
AE06,raw,60,1801,0.0002501390614186514,0.002545611399212198,1.0,1.0,0.02983814647835754
AE06,sigmoid,60,1801,0.0007538368298381829,0.009572265104773778,1.0,1.0,0.032219395128899556
AE06,isotonic,60,1801,9.99999999456674e-15,1.0000000494736474e-07,1.0,1.0,0.032240824341751746
AE07,raw,60,1801,0.0004936566442577831,0.003159132926737832,1.0,1.0,0.029407223798026176
AE07,sigmoid,60,1801,0.001094045390346472,0.01046377301076302,1.0,1.0,0.032211733491252344
AE07,isotonic,60,1801,9.99999999456674e-15,1.0000000494736474e-07,1.0,1.0,0.03224082434175176
AE08,raw,60,1801,0.000241295845439156,0.002334327156859213,1.0,1.0,0.03015622214885957
AE08,sigmoid,60,1801,0.0007891966267845125,0.009538328661530978,1.0,1.0,0.03214625624576455
AE08,isotonic,60,1801,9.999999994566738e-15,1.0000000494736474e-07,1.0,1.0,0.03224082434175175
