attack_code,precision,recall,f1,support,train_positive,eval_positive
AP01,0.0,0.0,0.0,0.0,120,0
AP02,0.0,0.0,0.0,0.0,180,0
AP03,0.0,0.0,0.0,0.0,240,0
AP04,0.0,0.0,0.0,0.0,180,0
AP05,0.0,0.0,0.0,0.0,180,0
AP07,0.0,0.0,0.0,0.0,240,0
AP08,0.0,0.0,0.0,0.0,120,0
AP09,0.0,0.0,0.0,0.0,180,0
AP11,0.0,0.0,0.0,0.0,180,0
AP13,0.0,0.0,0.0,0.0,180,0
AP14,0.0,0.0,0.0,180.0,300,180
AP15,0.0,0.0,0.0,0.0,180,0
AP16,0.0,0.0,0.0,120.0,120,120
AP17,0.0,0.0,0.0,0.0,180,0
AP18,0.0,0.0,0.0,0.0,120,0
AP19,0.0,0.0,0.0,120.0,180,120
AP20,0.0,0.0,0.0,0.0,180,0
AP21,0.0,0.0,0.0,0.0,120,0
AP22,0.0,0.0,0.0,0.0,540,0
AP23,0.01067995728017088,1.0,0.021134202183867558,120.0,120,120
AP24,0.0,0.0,0.0,0.0,180,0
AP25,0.0,0.0,0.0,600.0,540,600
AP26,0.0,0.0,0.0,0.0,120,0
AP27,0.0,0.0,0.0,0.0,180,0
AP30,0.0,0.0,0.0,0.0,180,0
AP32,0.0,0.0,0.0,0.0,120,0
AP35,0.0,0.0,0.0,0.0,120,0
AP42,0.0,0.0,0.0,0.0,180,0
AP43,0.0,0.0,0.0,0.0,660,0
AP44,0.0,0.0,0.0,0.0,2100,0
AP45,0.0,0.0,0.0,0.0,300,0
AP46,0.0,0.0,0.0,0.0,240,0
AP47,0.0,0.0,0.0,0.0,2100,0
AE01,0.0,0.0,0.0,0.0,240,0
AE03,0.0,0.0,0.0,0.0,180,0
AE05,0.0,0.0,0.0,120.0,240,120
AE06,0.0,0.0,0.0,120.0,180,120
AE07,0.0,0.0,0.0,0.0,120,0
AE08,0.0,0.0,0.0,0.0,180,0
