attack_code,positive_samples,negative_samples,roc_auc,average_precision,max_probability,mean_positive_probability,mean_negative_probability
AP01,0,197640,,,0.9996093543019081,,0.041641257338160265
AP02,0,197640,,,0.9999141205362608,,0.036180760766514816
AP03,0,197640,,,0.9997014017390626,,0.04202432031737453
AP04,0,197640,,,0.9999979011086668,,0.07692307441286769
AP05,0,197640,,,0.999870769606825,,0.0625078038949364
AP07,0,197640,,,0.9999994643348576,,0.11721695965232339
AP08,0,197640,,,0.9991260691531254,,0.05105388144207176
AP09,0,197640,,,0.9998034284815381,,0.062044563443377644
AP11,0,197640,,,0.9999979011086668,,0.07692307441286769
AP13,0,197640,,,0.9999999951460374,,0.10530358023949611
AP14,180,197460,0.8056790123456791,0.0022207494743497085,0.9999782066057002,0.003658879157925134,0.0781530405077562
AP15,0,197640,,,0.9998518048275897,,0.06714816514093416
AP16,120,197520,0.03571676285945727,0.0003159346280107954,0.9999346112341133,3.303696762896316e-09,0.06626706943959887
AP17,0,197640,,,0.9999362546440803,,0.03956036923032747
AP18,0,197640,,,0.9999495305764496,,0.050008498025745855
AP19,120,197520,0.023119684082624544,0.0003110187754416784,0.9999141205362608,1.2578773325566533e-08,0.03620274177999459
AP20,0,197640,,,0.9998362625591422,,0.07856489189741103
AP21,0,197640,,,0.9999486726305231,,0.08326702075468112
AP22,0,197640,,,0.999749952567958,,0.11718213948649017
AP23,120,197520,0.9727604799513974,0.010478327563420113,0.9999067950133501,0.9352700176835579,0.05939928254092591
AP24,0,197640,,,0.9995189288405986,,0.04119973938647537
AP25,600,197040,0.2521146636892678,0.0019877396697783353,0.9997486531138038,1.6825899634066112e-07,0.035438343427824495
AP26,0,197640,,,0.9987350523065863,,0.026731149407650524
AP27,0,197640,,,0.9998729213119675,,0.03302313540319189
AP30,0,197640,,,0.999870769606825,,0.0625078038949364
AP32,0,197640,,,0.9999346112341133,,0.0662268344267659
AP35,0,197640,,,0.9991260691531254,,0.05105388144207176
AP42,0,197640,,,0.9999917928966383,,0.07159687773579639
AP43,0,197640,,,0.9999957227696413,,0.06261748858927106
AP44,0,197640,,,0.9999708316357159,,0.042402999378777784
AP45,0,197640,,,0.9999970969266424,,0.07983660485385721
AP46,0,197640,,,0.9997782799660395,,0.06482718528494062
AP47,0,197640,,,0.9999708316357159,,0.042402999378777784
AE01,0,197640,,,0.9998234174052248,,0.03369601022867914
AE03,0,197640,,,0.9999914533583131,,0.1002579182152334
AE05,120,197520,0.6065800087754827,0.0007075723419441272,0.9999996199833149,1.0522174449220233e-06,0.020187574754523725
AE06,120,197520,0.7091097104090724,0.0009676257849277111,0.9999625043303204,0.0035193638567611275,0.023687110920143657
AE07,0,197640,,,0.9999286308459574,,0.048308772312928905
AE08,0,197640,,,0.9998593159186056,,0.07256020313663145
