attack_code,train_positive,eval_positive,precision,recall,f1,roc_auc,average_precision
AP01,120,0,0.0,0.0,0.0,,
AP02,180,0,0.0,0.0,0.0,,
AP03,240,0,0.0,0.0,0.0,,
AP04,180,0,0.0,0.0,0.0,,
AP05,180,0,0.0,0.0,0.0,,
AP07,240,0,0.0,0.0,0.0,,
AP08,120,0,0.0,0.0,0.0,,
AP09,180,0,0.0,0.0,0.0,,
AP11,180,0,0.0,0.0,0.0,,
AP13,180,0,0.0,0.0,0.0,,
AP14,300,180,0.0,0.0,0.0,0.7869552764554285,0.0019642675038723995
AP15,180,0,0.0,0.0,0.0,,
AP16,120,120,0.0,0.0,0.0,0.02078392905359794,0.00030998897929232255
AP17,180,0,0.0,0.0,0.0,,
AP18,120,0,0.0,0.0,0.0,,
AP19,180,120,0.0,0.0,0.0,0.024871742945862012,0.0003103310787743476
AP20,180,0,0.0,0.0,0.0,,
AP21,120,0,0.0,0.0,0.0,,
AP22,540,0,0.0,0.0,0.0,,
AP23,120,120,0.01247141966327167,1.0,0.024635598439745433,0.9729282688672877,0.010674014298344378
AP24,180,0,0.0,0.0,0.0,,
AP25,540,600,0.0,0.0,0.0,0.34380590235485187,0.002188099132404798
AP26,120,0,0.0,0.0,0.0,,
AP27,180,0,0.0,0.0,0.0,,
AP30,180,0,0.0,0.0,0.0,,
AP32,120,0,0.0,0.0,0.0,,
AP35,120,0,0.0,0.0,0.0,,
AP42,180,0,0.0,0.0,0.0,,
AP43,660,0,0.0,0.0,0.0,,
AP44,2100,0,0.0,0.0,0.0,,
AP45,300,0,0.0,0.0,0.0,,
AP46,240,0,0.0,0.0,0.0,,
AP47,2100,0,0.0,0.0,0.0,,
AE01,240,0,0.0,0.0,0.0,,
AE03,180,0,0.0,0.0,0.0,,
AE05,240,120,0.010198604401502952,0.15833333333333333,0.019162884518406455,0.7111453059605778,0.04041620997573065
AE06,180,120,0.0,0.0,0.0,0.5327323815309842,0.000591736516645968
AE07,120,0,0.0,0.0,0.0,,
AE08,180,0,0.0,0.0,0.0,,
