threshold,micro_precision,micro_recall,micro_f1,macro_f1,predicted_positive_labels
0.1,0.00015987913137667923,0.08695652173913043,0.0003191714309652143,0.00036252407386428006,750567
0.2,0.00019867220741378455,0.08695652173913043,0.0003964386593766002,0.0004397174815181246,604010
0.3,0.00023122456529781724,0.08695652173913043,0.000461222701381362,0.0004830334500664171,518976
0.4,0.0002619847088258282,0.08695652173913043,0.0005223955317768848,0.000512436185681252,458042
0.5,0.0002940009114028253,0.08695652173913043,0.0005860204814158255,0.0005419026200991681,408162
0.6,0.00032926779075031896,0.08695652173913043,0.0006560513906922709,0.0005907503267587746,364445
0.7,0.0003728352254721026,0.08695652173913043,0.0007424869600727637,0.00066578450220125,321858
0.8,0.0004373432853227593,0.08695652173913043,0.0008703093949899189,0.0007889546351084813,274384
0.9,0.000534448704542814,0.08333333333333333,0.0010620858442428021,0.0009031295401892646,215175
